<?xml version="1.0" encoding="UTF-8" ?>
<webTalkData  fileName='D:/xilinx/lab2/lab2.runs/impl_1/usage_statistics_webtalk.xml'  majorVersion='1' minorVersion='0' timeStamp='Fri Jun 26 10:45:39 2015'>
<section name="__ROOT__" level="0" order="1" description="">
 <section name="software_version_and_target_device" level="1" order="1" description="">
  <keyValuePair key="beta" value="FALSE" description="" />
  <keyValuePair key="build_version" value="932637" description="" />
  <keyValuePair key="date_generated" value="Fri Jun 26 10:45:38 2015" description="" />
  <keyValuePair key="os_platform" value="WIN64" description="" />
  <keyValuePair key="product_version" value="Vivado v2014.2 (64-bit)" description="" />
  <keyValuePair key="project_id" value="ecf52ece9f874546baff43f0298eb503" description="" />
  <keyValuePair key="project_iteration" value="0" description="" />
  <keyValuePair key="random_id" value="d9774ca42c8355fdbebf8cf4ba046c20" description="" />
  <keyValuePair key="registration_id" value="211049435_0_0_367" description="" />
  <keyValuePair key="route_design" value="TRUE" description="" />
  <keyValuePair key="target_device" value="xc7z010" description="" />
  <keyValuePair key="target_family" value="zynq" description="" />
  <keyValuePair key="target_package" value="clg400" description="" />
  <keyValuePair key="target_speed" value="-1" description="" />
  <keyValuePair key="tool_flow" value="Vivado" description="" />
 </section>
 <section name="user_environment" level="1" order="2" description="">
  <keyValuePair key="cpu_name" value="Intel(R) Core(TM) i5-2450M CPU @ 2.50GHz" description="" />
  <keyValuePair key="cpu_speed" value="2494 MHz" description="" />
  <keyValuePair key="os_name" value="Microsoft Windows 7 , 64-bit" description="" />
  <keyValuePair key="os_release" value="Service Pack 1  (build 7601)" description="" />
  <keyValuePair key="system_ram" value="4.000 GB" description="" />
  <keyValuePair key="total_processors" value="1" description="" />
 </section>
 <section name="ip_statistics" level="1" order="3" description="">
  <section name="IP_Integrator/1" level="2" order="1" description="">
   <keyValuePair key="da_axi4_cnt" value="4" description="" />
   <keyValuePair key="da_ps7_cnt" value="1" description="" />
   <keyValuePair key="iptotal" value="1" description="" />
   <keyValuePair key="maxhierdepth" value="0" description="" />
   <keyValuePair key="numblks" value="16" description="" />
   <keyValuePair key="numhierblks" value="7" description="" />
   <keyValuePair key="numnonxlnxblks" value="0" description="" />
   <keyValuePair key="numreposblks" value="9" description="" />
   <keyValuePair key="x_iplanguage" value="VHDL" description="" />
   <keyValuePair key="x_ipvendor" value="xilinx.com" description="" />
  </section>
  <section name="axi_crossbar_v2_1_axi_crossbar/1" level="2" order="2" description="">
   <keyValuePair key="c_axi_addr_width" value="32" description="" />
   <keyValuePair key="c_axi_aruser_width" value="1" description="" />
   <keyValuePair key="c_axi_awuser_width" value="1" description="" />
   <keyValuePair key="c_axi_buser_width" value="1" description="" />
   <keyValuePair key="c_axi_data_width" value="32" description="" />
   <keyValuePair key="c_axi_id_width" value="1" description="" />
   <keyValuePair key="c_axi_protocol" value="2" description="" />
   <keyValuePair key="c_axi_ruser_width" value="1" description="" />
   <keyValuePair key="c_axi_supports_user_signals" value="0" description="" />
   <keyValuePair key="c_axi_wuser_width" value="1" description="" />
   <keyValuePair key="c_connectivity_mode" value="0" description="" />
   <keyValuePair key="c_family" value="zynq" description="" />
   <keyValuePair key="c_m_axi_addr_width" value="0x0000001000000010000000100000001000000010" description="" />
   <keyValuePair key="c_m_axi_base_addr" value="0x00000000412400000000000041230000000000004122000000000000412100000000000041200000" description="" />
   <keyValuePair key="c_m_axi_read_connectivity" value="0x0000000100000001000000010000000100000001" description="" />
   <keyValuePair key="c_m_axi_read_issuing" value="0x0000000100000001000000010000000100000001" description="" />
   <keyValuePair key="c_m_axi_secure" value="0x0000000000000000000000000000000000000000" description="" />
   <keyValuePair key="c_m_axi_write_connectivity" value="0x0000000100000001000000010000000100000001" description="" />
   <keyValuePair key="c_m_axi_write_issuing" value="0x0000000100000001000000010000000100000001" description="" />
   <keyValuePair key="c_num_addr_ranges" value="1" description="" />
   <keyValuePair key="c_num_master_slots" value="5" description="" />
   <keyValuePair key="c_num_slave_slots" value="1" description="" />
   <keyValuePair key="c_r_register" value="1" description="" />
   <keyValuePair key="c_s_axi_arb_priority" value="0x00000000" description="" />
   <keyValuePair key="c_s_axi_base_id" value="0x00000000" description="" />
   <keyValuePair key="c_s_axi_read_acceptance" value="0x00000001" description="" />
   <keyValuePair key="c_s_axi_single_thread" value="0x00000001" description="" />
   <keyValuePair key="c_s_axi_thread_id_width" value="0x00000000" description="" />
   <keyValuePair key="c_s_axi_write_acceptance" value="0x00000001" description="" />
   <keyValuePair key="iptotal" value="1" description="" />
   <keyValuePair key="x_ipcorerevision" value="3" description="" />
   <keyValuePair key="x_iplanguage" value="VHDL" description="" />
   <keyValuePair key="x_iplibrary" value="ip" description="" />
   <keyValuePair key="x_ipname" value="axi_crossbar" description="" />
   <keyValuePair key="x_ipproduct" value="Vivado 2014.2" description="" />
   <keyValuePair key="x_ipvendor" value="xilinx.com" description="" />
   <keyValuePair key="x_ipversion" value="2.1" description="" />
  </section>
  <section name="axi_gpio/1" level="2" order="3" description="">
   <keyValuePair key="c_all_inputs" value="0" description="" />
   <keyValuePair key="c_all_inputs_2" value="0" description="" />
   <keyValuePair key="c_all_outputs" value="1" description="" />
   <keyValuePair key="c_all_outputs_2" value="0" description="" />
   <keyValuePair key="c_dout_default" value="0x00000000" description="" />
   <keyValuePair key="c_dout_default_2" value="0x00000000" description="" />
   <keyValuePair key="c_family" value="zynq" description="" />
   <keyValuePair key="c_gpio2_width" value="32" description="" />
   <keyValuePair key="c_gpio_width" value="1" description="" />
   <keyValuePair key="c_interrupt_present" value="0" description="" />
   <keyValuePair key="c_is_dual" value="0" description="" />
   <keyValuePair key="c_s_axi_addr_width" value="9" description="" />
   <keyValuePair key="c_s_axi_data_width" value="32" description="" />
   <keyValuePair key="c_tri_default" value="0xFFFFFFFF" description="" />
   <keyValuePair key="c_tri_default_2" value="0xFFFFFFFF" description="" />
   <keyValuePair key="iptotal" value="1" description="" />
   <keyValuePair key="x_ipcorerevision" value="5" description="" />
   <keyValuePair key="x_iplanguage" value="VHDL" description="" />
   <keyValuePair key="x_iplibrary" value="ip" description="" />
   <keyValuePair key="x_ipname" value="axi_gpio" description="" />
   <keyValuePair key="x_ipproduct" value="Vivado 2014.2" description="" />
   <keyValuePair key="x_ipvendor" value="xilinx.com" description="" />
   <keyValuePair key="x_ipversion" value="2.0" description="" />
  </section>
  <section name="axi_gpio/2" level="2" order="4" description="">
   <keyValuePair key="c_all_inputs" value="1" description="" />
   <keyValuePair key="c_all_inputs_2" value="0" description="" />
   <keyValuePair key="c_all_outputs" value="0" description="" />
   <keyValuePair key="c_all_outputs_2" value="0" description="" />
   <keyValuePair key="c_dout_default" value="0x00000000" description="" />
   <keyValuePair key="c_dout_default_2" value="0x00000000" description="" />
   <keyValuePair key="c_family" value="zynq" description="" />
   <keyValuePair key="c_gpio2_width" value="32" description="" />
   <keyValuePair key="c_gpio_width" value="4" description="" />
   <keyValuePair key="c_interrupt_present" value="0" description="" />
   <keyValuePair key="c_is_dual" value="0" description="" />
   <keyValuePair key="c_s_axi_addr_width" value="9" description="" />
   <keyValuePair key="c_s_axi_data_width" value="32" description="" />
   <keyValuePair key="c_tri_default" value="0xFFFFFFFF" description="" />
   <keyValuePair key="c_tri_default_2" value="0xFFFFFFFF" description="" />
   <keyValuePair key="iptotal" value="1" description="" />
   <keyValuePair key="x_ipcorerevision" value="5" description="" />
   <keyValuePair key="x_iplanguage" value="VHDL" description="" />
   <keyValuePair key="x_iplibrary" value="ip" description="" />
   <keyValuePair key="x_ipname" value="axi_gpio" description="" />
   <keyValuePair key="x_ipproduct" value="Vivado 2014.2" description="" />
   <keyValuePair key="x_ipvendor" value="xilinx.com" description="" />
   <keyValuePair key="x_ipversion" value="2.0" description="" />
  </section>
  <section name="axi_gpio/3" level="2" order="5" description="">
   <keyValuePair key="c_all_inputs" value="0" description="" />
   <keyValuePair key="c_all_inputs_2" value="0" description="" />
   <keyValuePair key="c_all_outputs" value="1" description="" />
   <keyValuePair key="c_all_outputs_2" value="0" description="" />
   <keyValuePair key="c_dout_default" value="0x00000000" description="" />
   <keyValuePair key="c_dout_default_2" value="0x00000000" description="" />
   <keyValuePair key="c_family" value="zynq" description="" />
   <keyValuePair key="c_gpio2_width" value="32" description="" />
   <keyValuePair key="c_gpio_width" value="1" description="" />
   <keyValuePair key="c_interrupt_present" value="0" description="" />
   <keyValuePair key="c_is_dual" value="0" description="" />
   <keyValuePair key="c_s_axi_addr_width" value="9" description="" />
   <keyValuePair key="c_s_axi_data_width" value="32" description="" />
   <keyValuePair key="c_tri_default" value="0xFFFFFFFF" description="" />
   <keyValuePair key="c_tri_default_2" value="0xFFFFFFFF" description="" />
   <keyValuePair key="iptotal" value="1" description="" />
   <keyValuePair key="x_ipcorerevision" value="5" description="" />
   <keyValuePair key="x_iplanguage" value="VHDL" description="" />
   <keyValuePair key="x_iplibrary" value="ip" description="" />
   <keyValuePair key="x_ipname" value="axi_gpio" description="" />
   <keyValuePair key="x_ipproduct" value="Vivado 2014.2" description="" />
   <keyValuePair key="x_ipvendor" value="xilinx.com" description="" />
   <keyValuePair key="x_ipversion" value="2.0" description="" />
  </section>
  <section name="axi_gpio/4" level="2" order="6" description="">
   <keyValuePair key="c_all_inputs" value="0" description="" />
   <keyValuePair key="c_all_inputs_2" value="0" description="" />
   <keyValuePair key="c_all_outputs" value="1" description="" />
   <keyValuePair key="c_all_outputs_2" value="0" description="" />
   <keyValuePair key="c_dout_default" value="0x00000000" description="" />
   <keyValuePair key="c_dout_default_2" value="0x00000000" description="" />
   <keyValuePair key="c_family" value="zynq" description="" />
   <keyValuePair key="c_gpio2_width" value="32" description="" />
   <keyValuePair key="c_gpio_width" value="1" description="" />
   <keyValuePair key="c_interrupt_present" value="0" description="" />
   <keyValuePair key="c_is_dual" value="0" description="" />
   <keyValuePair key="c_s_axi_addr_width" value="9" description="" />
   <keyValuePair key="c_s_axi_data_width" value="32" description="" />
   <keyValuePair key="c_tri_default" value="0xFFFFFFFF" description="" />
   <keyValuePair key="c_tri_default_2" value="0xFFFFFFFF" description="" />
   <keyValuePair key="iptotal" value="1" description="" />
   <keyValuePair key="x_ipcorerevision" value="5" description="" />
   <keyValuePair key="x_iplanguage" value="VHDL" description="" />
   <keyValuePair key="x_iplibrary" value="ip" description="" />
   <keyValuePair key="x_ipname" value="axi_gpio" description="" />
   <keyValuePair key="x_ipproduct" value="Vivado 2014.2" description="" />
   <keyValuePair key="x_ipvendor" value="xilinx.com" description="" />
   <keyValuePair key="x_ipversion" value="2.0" description="" />
  </section>
  <section name="axi_gpio/5" level="2" order="7" description="">
   <keyValuePair key="c_all_inputs" value="0" description="" />
   <keyValuePair key="c_all_inputs_2" value="0" description="" />
   <keyValuePair key="c_all_outputs" value="1" description="" />
   <keyValuePair key="c_all_outputs_2" value="0" description="" />
   <keyValuePair key="c_dout_default" value="0x00000000" description="" />
   <keyValuePair key="c_dout_default_2" value="0x00000000" description="" />
   <keyValuePair key="c_family" value="zynq" description="" />
   <keyValuePair key="c_gpio2_width" value="32" description="" />
   <keyValuePair key="c_gpio_width" value="1" description="" />
   <keyValuePair key="c_interrupt_present" value="0" description="" />
   <keyValuePair key="c_is_dual" value="0" description="" />
   <keyValuePair key="c_s_axi_addr_width" value="9" description="" />
   <keyValuePair key="c_s_axi_data_width" value="32" description="" />
   <keyValuePair key="c_tri_default" value="0xFFFFFFFF" description="" />
   <keyValuePair key="c_tri_default_2" value="0xFFFFFFFF" description="" />
   <keyValuePair key="iptotal" value="1" description="" />
   <keyValuePair key="x_ipcorerevision" value="5" description="" />
   <keyValuePair key="x_iplanguage" value="VHDL" description="" />
   <keyValuePair key="x_iplibrary" value="ip" description="" />
   <keyValuePair key="x_ipname" value="axi_gpio" description="" />
   <keyValuePair key="x_ipproduct" value="Vivado 2014.2" description="" />
   <keyValuePair key="x_ipvendor" value="xilinx.com" description="" />
   <keyValuePair key="x_ipversion" value="2.0" description="" />
  </section>
  <section name="axi_protocol_converter_v2_1_axi_protocol_converter/1" level="2" order="8" description="">
   <keyValuePair key="c_axi_addr_width" value="32" description="" />
   <keyValuePair key="c_axi_aruser_width" value="1" description="" />
   <keyValuePair key="c_axi_awuser_width" value="1" description="" />
   <keyValuePair key="c_axi_buser_width" value="1" description="" />
   <keyValuePair key="c_axi_data_width" value="32" description="" />
   <keyValuePair key="c_axi_id_width" value="12" description="" />
   <keyValuePair key="c_axi_ruser_width" value="1" description="" />
   <keyValuePair key="c_axi_supports_read" value="1" description="" />
   <keyValuePair key="c_axi_supports_user_signals" value="0" description="" />
   <keyValuePair key="c_axi_supports_write" value="1" description="" />
   <keyValuePair key="c_axi_wuser_width" value="1" description="" />
   <keyValuePair key="c_family" value="zynq" description="" />
   <keyValuePair key="c_ignore_id" value="0" description="" />
   <keyValuePair key="c_m_axi_protocol" value="2" description="" />
   <keyValuePair key="c_s_axi_protocol" value="1" description="" />
   <keyValuePair key="c_translation_mode" value="2" description="" />
   <keyValuePair key="iptotal" value="1" description="" />
   <keyValuePair key="x_ipcorerevision" value="2" description="" />
   <keyValuePair key="x_iplanguage" value="VHDL" description="" />
   <keyValuePair key="x_iplibrary" value="ip" description="" />
   <keyValuePair key="x_ipname" value="axi_protocol_converter" description="" />
   <keyValuePair key="x_ipproduct" value="Vivado 2014.2" description="" />
   <keyValuePair key="x_ipvendor" value="xilinx.com" description="" />
   <keyValuePair key="x_ipversion" value="2.1" description="" />
  </section>
  <section name="proc_sys_reset/1" level="2" order="9" description="">
   <keyValuePair key="c_aux_reset_high" value="0" description="" />
   <keyValuePair key="c_aux_rst_width" value="4" description="" />
   <keyValuePair key="c_ext_reset_high" value="0" description="" />
   <keyValuePair key="c_ext_rst_width" value="4" description="" />
   <keyValuePair key="c_family" value="zynq" description="" />
   <keyValuePair key="c_num_bus_rst" value="1" description="" />
   <keyValuePair key="c_num_interconnect_aresetn" value="1" description="" />
   <keyValuePair key="c_num_perp_aresetn" value="1" description="" />
   <keyValuePair key="c_num_perp_rst" value="1" description="" />
   <keyValuePair key="iptotal" value="1" description="" />
   <keyValuePair key="x_ipcorerevision" value="5" description="" />
   <keyValuePair key="x_iplanguage" value="VHDL" description="" />
   <keyValuePair key="x_iplibrary" value="ip" description="" />
   <keyValuePair key="x_ipname" value="proc_sys_reset" description="" />
   <keyValuePair key="x_ipproduct" value="Vivado 2014.2" description="" />
   <keyValuePair key="x_ipvendor" value="xilinx.com" description="" />
   <keyValuePair key="x_ipversion" value="5.0" description="" />
  </section>
  <section name="processing_system7_v5_4_processing_system7/1" level="2" order="10" description="">
   <keyValuePair key="c_dm_width" value="4" description="" />
   <keyValuePair key="c_dq_width" value="32" description="" />
   <keyValuePair key="c_dqs_width" value="4" description="" />
   <keyValuePair key="c_emio_gpio_width" value="64" description="" />
   <keyValuePair key="c_en_emio_enet0" value="0" description="" />
   <keyValuePair key="c_en_emio_enet1" value="0" description="" />
   <keyValuePair key="c_en_emio_trace" value="0" description="" />
   <keyValuePair key="c_fclk_clk0_buf" value="true" description="" />
   <keyValuePair key="c_fclk_clk1_buf" value="false" description="" />
   <keyValuePair key="c_fclk_clk2_buf" value="false" description="" />
   <keyValuePair key="c_fclk_clk3_buf" value="false" description="" />
   <keyValuePair key="c_include_acp_trans_check" value="0" description="" />
   <keyValuePair key="c_include_trace_buffer" value="0" description="" />
   <keyValuePair key="c_irq_f2p_mode" value="REVERSE" description="" />
   <keyValuePair key="c_m_axi_gp0_enable_static_remap" value="0" description="" />
   <keyValuePair key="c_m_axi_gp0_id_width" value="12" description="" />
   <keyValuePair key="c_m_axi_gp0_thread_id_width" value="12" description="" />
   <keyValuePair key="c_m_axi_gp1_enable_static_remap" value="0" description="" />
   <keyValuePair key="c_m_axi_gp1_id_width" value="12" description="" />
   <keyValuePair key="c_m_axi_gp1_thread_id_width" value="12" description="" />
   <keyValuePair key="c_mio_primitive" value="54" description="" />
   <keyValuePair key="c_num_f2p_intr_inputs" value="1" description="" />
   <keyValuePair key="c_package_name" value="clg400" description="" />
   <keyValuePair key="c_ps7_si_rev" value="PRODUCTION" description="" />
   <keyValuePair key="c_s_axi_acp_aruser_val" value="31" description="" />
   <keyValuePair key="c_s_axi_acp_awuser_val" value="31" description="" />
   <keyValuePair key="c_s_axi_acp_id_width" value="3" description="" />
   <keyValuePair key="c_s_axi_gp0_id_width" value="6" description="" />
   <keyValuePair key="c_s_axi_gp1_id_width" value="6" description="" />
   <keyValuePair key="c_s_axi_hp0_data_width" value="64" description="" />
   <keyValuePair key="c_s_axi_hp0_id_width" value="6" description="" />
   <keyValuePair key="c_s_axi_hp1_data_width" value="64" description="" />
   <keyValuePair key="c_s_axi_hp1_id_width" value="6" description="" />
   <keyValuePair key="c_s_axi_hp2_data_width" value="64" description="" />
   <keyValuePair key="c_s_axi_hp2_id_width" value="6" description="" />
   <keyValuePair key="c_s_axi_hp3_data_width" value="64" description="" />
   <keyValuePair key="c_s_axi_hp3_id_width" value="6" description="" />
   <keyValuePair key="c_trace_buffer_clock_delay" value="12" description="" />
   <keyValuePair key="c_trace_buffer_fifo_size" value="128" description="" />
   <keyValuePair key="c_trace_pipeline_width" value="8" description="" />
   <keyValuePair key="c_use_default_acp_user_val" value="0" description="" />
   <keyValuePair key="iptotal" value="1" description="" />
   <keyValuePair key="use_trace_data_edge_detector" value="0" description="" />
   <keyValuePair key="x_ipcorerevision" value="1" description="" />
   <keyValuePair key="x_iplanguage" value="VHDL" description="" />
   <keyValuePair key="x_iplibrary" value="ip" description="" />
   <keyValuePair key="x_ipname" value="processing_system7" description="" />
   <keyValuePair key="x_ipproduct" value="Vivado 2014.2" description="" />
   <keyValuePair key="x_ipvendor" value="xilinx.com" description="" />
   <keyValuePair key="x_ipversion" value="5.4" description="" />
  </section>
 </section>
 <section name="placer" level="1" order="4" description="">
  <section name="usage" level="2" order="1" description="">
   <keyValuePair key="bogomips" value="0" description="" />
   <keyValuePair key="bram18" value="0" description="" />
   <keyValuePair key="bram36" value="0" description="" />
   <keyValuePair key="bufg" value="0" description="" />
   <keyValuePair key="bufr" value="0" description="" />
   <keyValuePair key="ctrls" value="47" description="" />
   <keyValuePair key="dsp" value="0" description="" />
   <keyValuePair key="effort" value="2" description="" />
   <keyValuePair key="ff" value="807" description="" />
   <keyValuePair key="global_clocks" value="1" description="" />
   <keyValuePair key="iob" value="8" description="" />
   <keyValuePair key="lut" value="711" description="" />
   <keyValuePair key="movable_instances" value="1987" description="" />
   <keyValuePair key="nets" value="5124" description="" />
   <keyValuePair key="pins" value="12928" description="" />
   <keyValuePair key="placer_runtime" value="6.226000" description="" />
   <keyValuePair key="placer_timing_driven" value="1" description="" />
   <keyValuePair key="pll" value="0" description="" />
   <keyValuePair key="threads" value="2" description="" />
   <keyValuePair key="timing_constraints_exist" value="1" description="" />
  </section>
 </section>
 <section name="report_power" level="1" order="5" description="">
  <section name="command_line_options" level="2" order="1" description="">
   <keyValuePair key="-append" value="default::[not_specified]" description="" />
   <keyValuePair key="-file" value="[specified]" description="" />
   <keyValuePair key="-format" value="default::text" description="" />
   <keyValuePair key="-hier" value="default::power" description="" />
   <keyValuePair key="-l" value="default::[not_specified]" description="" />
   <keyValuePair key="-name" value="default::[not_specified]" description="" />
   <keyValuePair key="-no_propagation" value="default::[not_specified]" description="" />
   <keyValuePair key="-return_string" value="default::[not_specified]" description="" />
   <keyValuePair key="-verbose" value="default::[not_specified]" description="" />
   <keyValuePair key="-vid" value="default::[not_specified]" description="" />
   <keyValuePair key="-xpe" value="default::[not_specified]" description="" />
  </section>
  <section name="usage" level="2" order="2" description="">
   <keyValuePair key="airflow" value="250 (LFM)" description="" />
   <keyValuePair key="ambient_temp" value="25.0 (C)" description="" />
   <keyValuePair key="bi-dir_toggle" value="12.500000" description="" />
   <keyValuePair key="bidir_output_enable" value="1.000000" description="" />
   <keyValuePair key="board_layers" value="8to11 (8 to 11 Layers)" description="" />
   <keyValuePair key="board_selection" value="medium (10&quot;x10&quot;)" description="" />
   <keyValuePair key="clocks" value="0.004929" description="" />
   <keyValuePair key="confidence_level_clock_activity" value="High" description="" />
   <keyValuePair key="confidence_level_design_state" value="High" description="" />
   <keyValuePair key="confidence_level_device_models" value="High" description="" />
   <keyValuePair key="confidence_level_internal_activity" value="Medium" description="" />
   <keyValuePair key="confidence_level_io_activity" value="Low" description="" />
   <keyValuePair key="confidence_level_overall" value="Low" description="" />
   <keyValuePair key="customer" value="TBD" description="" />
   <keyValuePair key="customer_class" value="TBD" description="" />
   <keyValuePair key="devstatic" value="0.122716" description="" />
   <keyValuePair key="die" value="xc7z010clg400-1" description="" />
   <keyValuePair key="dsp_output_toggle" value="12.500000" description="" />
   <keyValuePair key="dynamic" value="1.299314" description="" />
   <keyValuePair key="effective_thetaja" value="11.5" description="" />
   <keyValuePair key="enable_probability" value="0.990000" description="" />
   <keyValuePair key="family" value="zynq" description="" />
   <keyValuePair key="ff_toggle" value="12.500000" description="" />
   <keyValuePair key="flow_state" value="routed" description="" />
   <keyValuePair key="heatsink" value="none" description="" />
   <keyValuePair key="i/o" value="0.000016" description="" />
   <keyValuePair key="input_toggle" value="12.500000" description="" />
   <keyValuePair key="junction_temp" value="41.4 (C)" description="" />
   <keyValuePair key="logic" value="0.000770" description="" />
   <keyValuePair key="mgtavcc_dynamic_current" value="0.000000" description="" />
   <keyValuePair key="mgtavcc_static_current" value="0.000000" description="" />
   <keyValuePair key="mgtavcc_total_current" value="0.000000" description="" />
   <keyValuePair key="mgtavcc_voltage" value="1.000000" description="" />
   <keyValuePair key="mgtavtt_dynamic_current" value="0.000000" description="" />
   <keyValuePair key="mgtavtt_static_current" value="0.000000" description="" />
   <keyValuePair key="mgtavtt_total_current" value="0.000000" description="" />
   <keyValuePair key="mgtavtt_voltage" value="1.200000" description="" />
   <keyValuePair key="mgtvccaux_dynamic_current" value="0.000000" description="" />
   <keyValuePair key="mgtvccaux_static_current" value="0.000000" description="" />
   <keyValuePair key="mgtvccaux_total_current" value="0.000000" description="" />
   <keyValuePair key="mgtvccaux_voltage" value="1.800000" description="" />
   <keyValuePair key="netlist_net_matched" value="NA" description="" />
   <keyValuePair key="off-chip_power" value="0.120750" description="" />
   <keyValuePair key="on-chip_power" value="1.422030" description="" />
   <keyValuePair key="output_enable" value="1.000000" description="" />
   <keyValuePair key="output_load" value="5.000000" description="" />
   <keyValuePair key="output_toggle" value="12.500000" description="" />
   <keyValuePair key="package" value="clg400" description="" />
   <keyValuePair key="pct_clock_constrained" value="0.000000" description="" />
   <keyValuePair key="pct_inputs_defined" value="0" description="" />
   <keyValuePair key="platform" value="nt64" description="" />
   <keyValuePair key="process" value="typical" description="" />
   <keyValuePair key="ps7" value="1.292855" description="" />
   <keyValuePair key="ram_enable" value="50.000000" description="" />
   <keyValuePair key="ram_write" value="50.000000" description="" />
   <keyValuePair key="set/reset_probability" value="0.000000" description="" />
   <keyValuePair key="signals" value="0.000744" description="" />
   <keyValuePair key="simulation_file" value="None" description="" />
   <keyValuePair key="speedgrade" value="-1" description="" />
   <keyValuePair key="temp_grade" value="commercial" description="" />
   <keyValuePair key="thetajb" value="9.3 (C/W)" description="" />
   <keyValuePair key="thetasa" value="0.0 (C/W)" description="" />
   <keyValuePair key="user_board_temp" value="25.0 (C)" description="" />
   <keyValuePair key="user_effective_thetaja" value="11.533192" description="" />
   <keyValuePair key="user_junc_temp" value="41.4 (C)" description="" />
   <keyValuePair key="user_thetajb" value="9.3 (C/W)" description="" />
   <keyValuePair key="user_thetasa" value="0.0 (C/W)" description="" />
   <keyValuePair key="vccadc_dynamic_current" value="0.000000" description="" />
   <keyValuePair key="vccadc_static_current" value="0.020000" description="" />
   <keyValuePair key="vccadc_total_current" value="0.020000" description="" />
   <keyValuePair key="vccadc_voltage" value="1.800000" description="" />
   <keyValuePair key="vccaux_dynamic_current" value="0.000000" description="" />
   <keyValuePair key="vccaux_io_dynamic_current" value="0.000000" description="" />
   <keyValuePair key="vccaux_io_static_current" value="0.000000" description="" />
   <keyValuePair key="vccaux_io_total_current" value="0.000000" description="" />
   <keyValuePair key="vccaux_io_voltage" value="1.800000" description="" />
   <keyValuePair key="vccaux_static_current" value="0.011547" description="" />
   <keyValuePair key="vccaux_total_current" value="0.011547" description="" />
   <keyValuePair key="vccaux_voltage" value="1.800000" description="" />
   <keyValuePair key="vccbram_dynamic_current" value="0.000000" description="" />
   <keyValuePair key="vccbram_static_current" value="0.000385" description="" />
   <keyValuePair key="vccbram_total_current" value="0.000385" description="" />
   <keyValuePair key="vccbram_voltage" value="1.000000" description="" />
   <keyValuePair key="vccint_dynamic_current" value="0.006459" description="" />
   <keyValuePair key="vccint_static_current" value="0.006278" description="" />
   <keyValuePair key="vccint_total_current" value="0.012737" description="" />
   <keyValuePair key="vccint_voltage" value="1.000000" description="" />
   <keyValuePair key="vcco12_dynamic_current" value="0.000000" description="" />
   <keyValuePair key="vcco12_static_current" value="0.000000" description="" />
   <keyValuePair key="vcco12_total_current" value="0.000000" description="" />
   <keyValuePair key="vcco12_voltage" value="1.200000" description="" />
   <keyValuePair key="vcco135_dynamic_current" value="0.000000" description="" />
   <keyValuePair key="vcco135_static_current" value="0.000000" description="" />
   <keyValuePair key="vcco135_total_current" value="0.000000" description="" />
   <keyValuePair key="vcco135_voltage" value="1.350000" description="" />
   <keyValuePair key="vcco15_dynamic_current" value="0.000000" description="" />
   <keyValuePair key="vcco15_static_current" value="0.000000" description="" />
   <keyValuePair key="vcco15_total_current" value="0.000000" description="" />
   <keyValuePair key="vcco15_voltage" value="1.500000" description="" />
   <keyValuePair key="vcco18_dynamic_current" value="0.000000" description="" />
   <keyValuePair key="vcco18_static_current" value="0.000000" description="" />
   <keyValuePair key="vcco18_total_current" value="0.000000" description="" />
   <keyValuePair key="vcco18_voltage" value="1.800000" description="" />
   <keyValuePair key="vcco25_dynamic_current" value="0.000000" description="" />
   <keyValuePair key="vcco25_static_current" value="0.000000" description="" />
   <keyValuePair key="vcco25_total_current" value="0.000000" description="" />
   <keyValuePair key="vcco25_voltage" value="2.500000" description="" />
   <keyValuePair key="vcco33_dynamic_current" value="0.000000" description="" />
   <keyValuePair key="vcco33_static_current" value="0.001000" description="" />
   <keyValuePair key="vcco33_total_current" value="0.001000" description="" />
   <keyValuePair key="vcco33_voltage" value="3.300000" description="" />
   <keyValuePair key="vcco_ddr_dynamic_current" value="0.508750" description="" />
   <keyValuePair key="vcco_ddr_static_current" value="0.002000" description="" />
   <keyValuePair key="vcco_ddr_total_current" value="0.510750" description="" />
   <keyValuePair key="vcco_ddr_voltage" value="1.500000" description="" />
   <keyValuePair key="vcco_mio0_dynamic_current" value="0.000000" description="" />
   <keyValuePair key="vcco_mio0_static_current" value="0.000000" description="" />
   <keyValuePair key="vcco_mio0_total_current" value="0.000000" description="" />
   <keyValuePair key="vcco_mio0_voltage" value="1.800000" description="" />
   <keyValuePair key="vcco_mio1_dynamic_current" value="0.000125" description="" />
   <keyValuePair key="vcco_mio1_static_current" value="0.001000" description="" />
   <keyValuePair key="vcco_mio1_total_current" value="0.001125" description="" />
   <keyValuePair key="vcco_mio1_voltage" value="1.800000" description="" />
   <keyValuePair key="vccpaux_dynamic_current" value="0.033391" description="" />
   <keyValuePair key="vccpaux_static_current" value="0.010330" description="" />
   <keyValuePair key="vccpaux_total_current" value="0.043721" description="" />
   <keyValuePair key="vccpaux_voltage" value="1.800000" description="" />
   <keyValuePair key="vccpint_dynamic_current" value="0.381350" description="" />
   <keyValuePair key="vccpint_static_current" value="0.027176" description="" />
   <keyValuePair key="vccpint_total_current" value="0.408526" description="" />
   <keyValuePair key="vccpint_voltage" value="1.000000" description="" />
   <keyValuePair key="vccpll_dynamic_current" value="0.116000" description="" />
   <keyValuePair key="vccpll_static_current" value="0.003000" description="" />
   <keyValuePair key="vccpll_total_current" value="0.119000" description="" />
   <keyValuePair key="vccpll_voltage" value="1.800000" description="" />
   <keyValuePair key="version" value="2014.2" description="" />
  </section>
 </section>
 <section name="report_utilization" level="1" order="6" description="">
  <section name="clocking" level="2" order="1" description="">
   <keyValuePair key="bufgctrl_available" value="32" description="" />
   <keyValuePair key="bufgctrl_fixed" value="0" description="" />
   <keyValuePair key="bufgctrl_used" value="1" description="" />
   <keyValuePair key="bufgctrl_util_percentage" value="3.12" description="" />
   <keyValuePair key="bufhce_available" value="48" description="" />
   <keyValuePair key="bufhce_fixed" value="0" description="" />
   <keyValuePair key="bufhce_used" value="0" description="" />
   <keyValuePair key="bufhce_util_percentage" value="0.00" description="" />
   <keyValuePair key="bufio_available" value="8" description="" />
   <keyValuePair key="bufio_fixed" value="0" description="" />
   <keyValuePair key="bufio_used" value="0" description="" />
   <keyValuePair key="bufio_util_percentage" value="0.00" description="" />
   <keyValuePair key="bufmrce_available" value="4" description="" />
   <keyValuePair key="bufmrce_fixed" value="0" description="" />
   <keyValuePair key="bufmrce_used" value="0" description="" />
   <keyValuePair key="bufmrce_util_percentage" value="0.00" description="" />
   <keyValuePair key="bufr_available" value="8" description="" />
   <keyValuePair key="bufr_fixed" value="0" description="" />
   <keyValuePair key="bufr_used" value="0" description="" />
   <keyValuePair key="bufr_util_percentage" value="0.00" description="" />
   <keyValuePair key="mmcme2_adv_available" value="2" description="" />
   <keyValuePair key="mmcme2_adv_fixed" value="0" description="" />
   <keyValuePair key="mmcme2_adv_used" value="0" description="" />
   <keyValuePair key="mmcme2_adv_util_percentage" value="0.00" description="" />
   <keyValuePair key="plle2_adv_available" value="2" description="" />
   <keyValuePair key="plle2_adv_fixed" value="0" description="" />
   <keyValuePair key="plle2_adv_used" value="0" description="" />
   <keyValuePair key="plle2_adv_util_percentage" value="0.00" description="" />
  </section>
  <section name="dsp" level="2" order="2" description="">
   <keyValuePair key="dsps_available" value="80" description="" />
   <keyValuePair key="dsps_fixed" value="0" description="" />
   <keyValuePair key="dsps_used" value="0" description="" />
   <keyValuePair key="dsps_util_percentage" value="0.00" description="" />
  </section>
  <section name="io_standard" level="2" order="3" description="">
   <keyValuePair key="blvds_25" value="0" description="" />
   <keyValuePair key="diff_hstl_i" value="0" description="" />
   <keyValuePair key="diff_hstl_i_18" value="0" description="" />
   <keyValuePair key="diff_hstl_ii" value="0" description="" />
   <keyValuePair key="diff_hstl_ii_18" value="0" description="" />
   <keyValuePair key="diff_hsul_12" value="0" description="" />
   <keyValuePair key="diff_mobile_ddr" value="0" description="" />
   <keyValuePair key="diff_sstl135" value="0" description="" />
   <keyValuePair key="diff_sstl135_r" value="0" description="" />
   <keyValuePair key="diff_sstl15" value="1" description="" />
   <keyValuePair key="diff_sstl15_r" value="0" description="" />
   <keyValuePair key="diff_sstl18_i" value="0" description="" />
   <keyValuePair key="diff_sstl18_ii" value="0" description="" />
   <keyValuePair key="hstl_i" value="0" description="" />
   <keyValuePair key="hstl_i_18" value="0" description="" />
   <keyValuePair key="hstl_ii" value="0" description="" />
   <keyValuePair key="hstl_ii_18" value="0" description="" />
   <keyValuePair key="hsul_12" value="0" description="" />
   <keyValuePair key="lvcmos12" value="0" description="" />
   <keyValuePair key="lvcmos15" value="0" description="" />
   <keyValuePair key="lvcmos18" value="1" description="" />
   <keyValuePair key="lvcmos25" value="0" description="" />
   <keyValuePair key="lvcmos33" value="1" description="" />
   <keyValuePair key="lvds_25" value="0" description="" />
   <keyValuePair key="lvttl" value="0" description="" />
   <keyValuePair key="mini_lvds_25" value="0" description="" />
   <keyValuePair key="mobile_ddr" value="0" description="" />
   <keyValuePair key="pci33_3" value="0" description="" />
   <keyValuePair key="ppds_25" value="0" description="" />
   <keyValuePair key="rsds_25" value="0" description="" />
   <keyValuePair key="sstl135" value="0" description="" />
   <keyValuePair key="sstl135_r" value="0" description="" />
   <keyValuePair key="sstl15" value="1" description="" />
   <keyValuePair key="sstl15_r" value="0" description="" />
   <keyValuePair key="sstl18_i" value="0" description="" />
   <keyValuePair key="sstl18_ii" value="0" description="" />
   <keyValuePair key="tmds_33" value="0" description="" />
  </section>
  <section name="memory" level="2" order="4" description="">
   <keyValuePair key="block_ram_tile_available" value="60" description="" />
   <keyValuePair key="block_ram_tile_fixed" value="0" description="" />
   <keyValuePair key="block_ram_tile_used" value="0" description="" />
   <keyValuePair key="block_ram_tile_util_percentage" value="0.00" description="" />
   <keyValuePair key="ramb18_available" value="120" description="" />
   <keyValuePair key="ramb18_fixed" value="0" description="" />
   <keyValuePair key="ramb18_used" value="0" description="" />
   <keyValuePair key="ramb18_util_percentage" value="0.00" description="" />
   <keyValuePair key="ramb36_fifo*_available" value="60" description="" />
   <keyValuePair key="ramb36_fifo*_fixed" value="0" description="" />
   <keyValuePair key="ramb36_fifo*_used" value="0" description="" />
   <keyValuePair key="ramb36_fifo*_util_percentage" value="0.00" description="" />
  </section>
  <section name="primitives" level="2" order="5" description="">
   <keyValuePair key="bibuf_functional_category" value="IO" description="" />
   <keyValuePair key="bibuf_used" value="130" description="" />
   <keyValuePair key="bufg_functional_category" value="Clock" description="" />
   <keyValuePair key="bufg_used" value="1" description="" />
   <keyValuePair key="carry4_functional_category" value="CarryLogic" description="" />
   <keyValuePair key="carry4_used" value="18" description="" />
   <keyValuePair key="fdre_functional_category" value="Flop &amp; Latch" description="" />
   <keyValuePair key="fdre_used" value="733" description="" />
   <keyValuePair key="fdse_functional_category" value="Flop &amp; Latch" description="" />
   <keyValuePair key="fdse_used" value="74" description="" />
   <keyValuePair key="ibuf_functional_category" value="IO" description="" />
   <keyValuePair key="ibuf_used" value="4" description="" />
   <keyValuePair key="lut1_functional_category" value="LUT" description="" />
   <keyValuePair key="lut1_used" value="19" description="" />
   <keyValuePair key="lut2_functional_category" value="LUT" description="" />
   <keyValuePair key="lut2_used" value="91" description="" />
   <keyValuePair key="lut3_functional_category" value="LUT" description="" />
   <keyValuePair key="lut3_used" value="275" description="" />
   <keyValuePair key="lut4_functional_category" value="LUT" description="" />
   <keyValuePair key="lut4_used" value="123" description="" />
   <keyValuePair key="lut5_functional_category" value="LUT" description="" />
   <keyValuePair key="lut5_used" value="154" description="" />
   <keyValuePair key="lut6_functional_category" value="LUT" description="" />
   <keyValuePair key="lut6_used" value="182" description="" />
   <keyValuePair key="obuf_functional_category" value="IO" description="" />
   <keyValuePair key="obuf_used" value="4" description="" />
   <keyValuePair key="ps7_functional_category" value="Specialized Resource" description="" />
   <keyValuePair key="ps7_used" value="1" description="" />
   <keyValuePair key="srl16e_functional_category" value="Distributed Memory" description="" />
   <keyValuePair key="srl16e_used" value="23" description="" />
   <keyValuePair key="srlc32e_functional_category" value="Distributed Memory" description="" />
   <keyValuePair key="srlc32e_used" value="47" description="" />
  </section>
  <section name="slice_logic" level="2" order="6" description="">
   <keyValuePair key="f7_muxes_available" value="8800" description="" />
   <keyValuePair key="f7_muxes_fixed" value="0" description="" />
   <keyValuePair key="f7_muxes_used" value="0" description="" />
   <keyValuePair key="f7_muxes_util_percentage" value="0.00" description="" />
   <keyValuePair key="f8_muxes_available" value="4400" description="" />
   <keyValuePair key="f8_muxes_fixed" value="0" description="" />
   <keyValuePair key="f8_muxes_used" value="0" description="" />
   <keyValuePair key="f8_muxes_util_percentage" value="0.00" description="" />
   <keyValuePair key="fully_used_lut_ff_pairs_fixed" value="" description="" />
   <keyValuePair key="fully_used_lut_ff_pairs_used" value="432" description="" />
   <keyValuePair key="lut_as_distributed_ram_fixed" value="0" description="" />
   <keyValuePair key="lut_as_distributed_ram_fixed" value="0" description="" />
   <keyValuePair key="lut_as_distributed_ram_used" value="0" description="" />
   <keyValuePair key="lut_as_distributed_ram_used" value="0" description="" />
   <keyValuePair key="lut_as_logic_available" value="17600" description="" />
   <keyValuePair key="lut_as_logic_available" value="17600" description="" />
   <keyValuePair key="lut_as_logic_fixed" value="0" description="" />
   <keyValuePair key="lut_as_logic_fixed" value="0" description="" />
   <keyValuePair key="lut_as_logic_used" value="638" description="" />
   <keyValuePair key="lut_as_logic_used" value="638" description="" />
   <keyValuePair key="lut_as_logic_util_percentage" value="3.62" description="" />
   <keyValuePair key="lut_as_logic_util_percentage" value="3.62" description="" />
   <keyValuePair key="lut_as_memory_available" value="6000" description="" />
   <keyValuePair key="lut_as_memory_available" value="6000" description="" />
   <keyValuePair key="lut_as_memory_fixed" value="0" description="" />
   <keyValuePair key="lut_as_memory_fixed" value="0" description="" />
   <keyValuePair key="lut_as_memory_used" value="62" description="" />
   <keyValuePair key="lut_as_memory_used" value="62" description="" />
   <keyValuePair key="lut_as_memory_util_percentage" value="1.03" description="" />
   <keyValuePair key="lut_as_memory_util_percentage" value="1.03" description="" />
   <keyValuePair key="lut_as_shift_register_fixed" value="0" description="" />
   <keyValuePair key="lut_as_shift_register_fixed" value="0" description="" />
   <keyValuePair key="lut_as_shift_register_used" value="62" description="" />
   <keyValuePair key="lut_as_shift_register_used" value="62" description="" />
   <keyValuePair key="lut_ff_pairs_with_unused_flip_flop_fixed" value="" description="" />
   <keyValuePair key="lut_ff_pairs_with_unused_flip_flop_used" value="268" description="" />
   <keyValuePair key="lut_ff_pairs_with_unused_lut_fixed" value="" description="" />
   <keyValuePair key="lut_ff_pairs_with_unused_lut_used" value="169" description="" />
   <keyValuePair key="lut_flip_flop_pairs_available" value="17600" description="" />
   <keyValuePair key="lut_flip_flop_pairs_fixed" value="0" description="" />
   <keyValuePair key="lut_flip_flop_pairs_used" value="869" description="" />
   <keyValuePair key="lut_flip_flop_pairs_util_percentage" value="4.93" description="" />
   <keyValuePair key="minimum_number_of_registers_lost_to_control_set_restriction_used" value="137(Lost)" description="" />
   <keyValuePair key="register_as_flip_flop_available" value="35200" description="" />
   <keyValuePair key="register_as_flip_flop_fixed" value="0" description="" />
   <keyValuePair key="register_as_flip_flop_used" value="807" description="" />
   <keyValuePair key="register_as_flip_flop_util_percentage" value="2.29" description="" />
   <keyValuePair key="register_as_latch_available" value="35200" description="" />
   <keyValuePair key="register_as_latch_fixed" value="0" description="" />
   <keyValuePair key="register_as_latch_used" value="0" description="" />
   <keyValuePair key="register_as_latch_util_percentage" value="0.00" description="" />
   <keyValuePair key="slice_available" value="4400" description="" />
   <keyValuePair key="slice_fixed" value="0" description="" />
   <keyValuePair key="slice_luts_available" value="17600" description="" />
   <keyValuePair key="slice_luts_fixed" value="0" description="" />
   <keyValuePair key="slice_luts_used" value="700" description="" />
   <keyValuePair key="slice_luts_util_percentage" value="3.97" description="" />
   <keyValuePair key="slice_registers_available" value="35200" description="" />
   <keyValuePair key="slice_registers_fixed" value="0" description="" />
   <keyValuePair key="slice_registers_used" value="807" description="" />
   <keyValuePair key="slice_registers_util_percentage" value="2.29" description="" />
   <keyValuePair key="slice_used" value="283" description="" />
   <keyValuePair key="slice_util_percentage" value="6.43" description="" />
   <keyValuePair key="slicel_fixed" value="0" description="" />
   <keyValuePair key="slicel_used" value="174" description="" />
   <keyValuePair key="slicem_fixed" value="0" description="" />
   <keyValuePair key="slicem_used" value="109" description="" />
   <keyValuePair key="unique_control_sets_used" value="47" description="" />
   <keyValuePair key="using_o5_and_o6_fixed" value="" description="" />
   <keyValuePair key="using_o5_and_o6_fixed" value="" description="" />
   <keyValuePair key="using_o5_and_o6_used" value="206" description="" />
   <keyValuePair key="using_o5_and_o6_used" value="8" description="" />
   <keyValuePair key="using_o5_output_only_fixed" value="" description="" />
   <keyValuePair key="using_o5_output_only_fixed" value="" description="" />
   <keyValuePair key="using_o5_output_only_used" value="0" description="" />
   <keyValuePair key="using_o5_output_only_used" value="0" description="" />
   <keyValuePair key="using_o6_output_only_fixed" value="" description="" />
   <keyValuePair key="using_o6_output_only_fixed" value="" description="" />
   <keyValuePair key="using_o6_output_only_used" value="432" description="" />
   <keyValuePair key="using_o6_output_only_used" value="54" description="" />
  </section>
  <section name="specific_feature" level="2" order="7" description="">
   <keyValuePair key="bscane2_available" value="4" description="" />
   <keyValuePair key="bscane2_fixed" value="0" description="" />
   <keyValuePair key="bscane2_used" value="0" description="" />
   <keyValuePair key="bscane2_util_percentage" value="0.00" description="" />
   <keyValuePair key="capturee2_available" value="1" description="" />
   <keyValuePair key="capturee2_fixed" value="0" description="" />
   <keyValuePair key="capturee2_used" value="0" description="" />
   <keyValuePair key="capturee2_util_percentage" value="0.00" description="" />
   <keyValuePair key="dna_port_available" value="1" description="" />
   <keyValuePair key="dna_port_fixed" value="0" description="" />
   <keyValuePair key="dna_port_used" value="0" description="" />
   <keyValuePair key="dna_port_util_percentage" value="0.00" description="" />
   <keyValuePair key="efuse_usr_available" value="1" description="" />
   <keyValuePair key="efuse_usr_fixed" value="0" description="" />
   <keyValuePair key="efuse_usr_used" value="0" description="" />
   <keyValuePair key="efuse_usr_util_percentage" value="0.00" description="" />
   <keyValuePair key="frame_ecce2_available" value="1" description="" />
   <keyValuePair key="frame_ecce2_fixed" value="0" description="" />
   <keyValuePair key="frame_ecce2_used" value="0" description="" />
   <keyValuePair key="frame_ecce2_util_percentage" value="0.00" description="" />
   <keyValuePair key="icape2_available" value="2" description="" />
   <keyValuePair key="icape2_fixed" value="0" description="" />
   <keyValuePair key="icape2_used" value="0" description="" />
   <keyValuePair key="icape2_util_percentage" value="0.00" description="" />
   <keyValuePair key="startupe2_available" value="1" description="" />
   <keyValuePair key="startupe2_fixed" value="0" description="" />
   <keyValuePair key="startupe2_used" value="0" description="" />
   <keyValuePair key="startupe2_util_percentage" value="0.00" description="" />
   <keyValuePair key="xadc_available" value="1" description="" />
   <keyValuePair key="xadc_fixed" value="0" description="" />
   <keyValuePair key="xadc_used" value="0" description="" />
   <keyValuePair key="xadc_util_percentage" value="0.00" description="" />
  </section>
 </section>
 <section name="router" level="1" order="7" description="">
  <section name="usage" level="2" order="1" description="">
   <keyValuePair key="actual_expansions" value="634994" description="" />
   <keyValuePair key="bogomips" value="0" description="" />
   <keyValuePair key="bram18" value="0" description="" />
   <keyValuePair key="bram36" value="0" description="" />
   <keyValuePair key="bufg" value="0" description="" />
   <keyValuePair key="bufr" value="0" description="" />
   <keyValuePair key="congestion_level" value="0" description="" />
   <keyValuePair key="ctrls" value="47" description="" />
   <keyValuePair key="dsp" value="0" description="" />
   <keyValuePair key="effort" value="2" description="" />
   <keyValuePair key="estimated_expansions" value="1390566" description="" />
   <keyValuePair key="ff" value="807" description="" />
   <keyValuePair key="global_clocks" value="1" description="" />
   <keyValuePair key="high_fanout_nets" value="2" description="" />
   <keyValuePair key="iob" value="8" description="" />
   <keyValuePair key="lut" value="761" description="" />
   <keyValuePair key="movable_instances" value="1987" description="" />
   <keyValuePair key="nets" value="5124" description="" />
   <keyValuePair key="pins" value="12928" description="" />
   <keyValuePair key="pll" value="0" description="" />
   <keyValuePair key="router_runtime" value="24.130000" description="" />
   <keyValuePair key="router_timing_driven" value="1" description="" />
   <keyValuePair key="threads" value="2" description="" />
   <keyValuePair key="timing_constraints_exist" value="1" description="" />
  </section>
 </section>
 <section name="synthesis" level="1" order="8" description="">
  <section name="command_line_options" level="2" order="1" description="">
   <keyValuePair key="-bufg" value="default::12" description="" />
   <keyValuePair key="-constrset" value="default::[not_specified]" description="" />
   <keyValuePair key="-control_set_opt_threshold" value="default::4" description="" />
   <keyValuePair key="-directive" value="default::default" description="" />
   <keyValuePair key="-fanout_limit" value="default::10000" description="" />
   <keyValuePair key="-flatten_hierarchy" value="default::rebuilt" description="" />
   <keyValuePair key="-fsm_extraction" value="default::auto" description="" />
   <keyValuePair key="-gated_clock_conversion" value="default::off" description="" />
   <keyValuePair key="-generic" value="default::[not_specified]" description="" />
   <keyValuePair key="-include_dirs" value="default::[not_specified]" description="" />
   <keyValuePair key="-keep_equivalent_registers" value="default::[not_specified]" description="" />
   <keyValuePair key="-mode" value="default::default" description="" />
   <keyValuePair key="-name" value="default::[not_specified]" description="" />
   <keyValuePair key="-part" value="xc7z010clg400-1" description="" />
   <keyValuePair key="-resource_sharing" value="default::auto" description="" />
   <keyValuePair key="-rtl" value="default::[not_specified]" description="" />
   <keyValuePair key="-seu_protect" value="default::none" description="" />
   <keyValuePair key="-shreg_min_size" value="default::3" description="" />
   <keyValuePair key="-top" value="system_wrapper" description="" />
   <keyValuePair key="-verilog_define" value="default::[not_specified]" description="" />
  </section>
  <section name="usage" level="2" order="2" description="">
   <keyValuePair key="elapsed" value="00:02:54s" description="" />
   <keyValuePair key="memory_gain" value="583.828MB" description="" />
   <keyValuePair key="memory_peak" value="808.086MB" description="" />
  </section>
 </section>
 <section name="unisim_transformation" level="1" order="9" description="">
  <section name="post_unisim_transformation" level="2" order="1" description="">
   <keyValuePair key="bibuf" value="130" description="" />
   <keyValuePair key="bufg" value="1" description="" />
   <keyValuePair key="carry4" value="18" description="" />
   <keyValuePair key="fdre" value="866" description="" />
   <keyValuePair key="fdse" value="74" description="" />
   <keyValuePair key="gnd" value="66" description="" />
   <keyValuePair key="ibuf" value="4" description="" />
   <keyValuePair key="lut1" value="142" description="" />
   <keyValuePair key="lut2" value="72" description="" />
   <keyValuePair key="lut3" value="317" description="" />
   <keyValuePair key="lut4" value="137" description="" />
   <keyValuePair key="lut5" value="163" description="" />
   <keyValuePair key="lut6" value="282" description="" />
   <keyValuePair key="obuf" value="4" description="" />
   <keyValuePair key="ps7" value="1" description="" />
   <keyValuePair key="srl16e" value="23" description="" />
   <keyValuePair key="srlc32e" value="47" description="" />
   <keyValuePair key="vcc" value="57" description="" />
  </section>
  <section name="pre_unisim_transformation" level="2" order="2" description="">
   <keyValuePair key="bibuf" value="130" description="" />
   <keyValuePair key="bufg" value="1" description="" />
   <keyValuePair key="carry4" value="18" description="" />
   <keyValuePair key="fdre" value="866" description="" />
   <keyValuePair key="fdse" value="74" description="" />
   <keyValuePair key="gnd" value="66" description="" />
   <keyValuePair key="ibuf" value="4" description="" />
   <keyValuePair key="lut1" value="142" description="" />
   <keyValuePair key="lut2" value="72" description="" />
   <keyValuePair key="lut3" value="317" description="" />
   <keyValuePair key="lut4" value="137" description="" />
   <keyValuePair key="lut5" value="163" description="" />
   <keyValuePair key="lut6" value="282" description="" />
   <keyValuePair key="obuf" value="4" description="" />
   <keyValuePair key="ps7" value="1" description="" />
   <keyValuePair key="srl16e" value="23" description="" />
   <keyValuePair key="srlc32e" value="47" description="" />
   <keyValuePair key="vcc" value="57" description="" />
  </section>
 </section>
 <section name="vivado_usage" level="1" order="10" description="">
  <section name="project_data" level="2" order="1" description="">
   <keyValuePair key="constraintsetcount" value="1" description="" />
   <keyValuePair key="currentimplrun" value="impl_1" description="" />
   <keyValuePair key="currentsynthesisrun" value="synth_1" description="" />
   <keyValuePair key="designmode" value="RTL" description="" />
   <keyValuePair key="hdproject" value="false" description="" />
   <keyValuePair key="implstrategy" value="Vivado Implementation Defaults" description="" />
   <keyValuePair key="partitioncount" value="0" description="" />
   <keyValuePair key="prproject" value="false" description="" />
   <keyValuePair key="reconfigmodulecount" value="0" description="" />
   <keyValuePair key="reconfigpartitioncount" value="0" description="" />
   <keyValuePair key="srcsetcount" value="7" description="" />
   <keyValuePair key="synthesisstrategy" value="Vivado Synthesis Defaults" description="" />
   <keyValuePair key="totalimplruns" value="1" description="" />
   <keyValuePair key="totalsynthesisruns" value="1" description="" />
  </section>
 </section>
</section>
</webTalkData>
