<?xml version="1.0" encoding="UTF-8"?>
<GenRun Id="synth_1" LaunchPart="xc7z010clg400-1" LaunchTime="1435286623">
  <File Type="RDS-UTIL-PB" Name="system_wrapper_utilization_synth.pb"/>
  <File Type="RUN-CONSTRS" Name="$PDATADIR/runs/synth_1/constrs_in.xml"/>
  <File Type="RDS-UTIL" Name="system_wrapper_utilization_synth.rpt"/>
  <File Type="RUN-SRCS" Name="$PDATADIR/runs/synth_1/sources.xml"/>
  <File Type="RUN-STRAT" Name="$PDATADIR/runs/synth_1/synth_1.psg"/>
  <File Type="VDS-TIMINGSUMMARY" Name="system_wrapper_timing_summary_synth.rpt"/>
  <File Type="PA-TCL" Name="system_wrapper.tcl"/>
  <File Type="RDS-RDS" Name="system_wrapper.vds"/>
  <File Type="RDS-DCP" Name="system_wrapper.dcp"/>
  <File Type="VDS-TIMING-PB" Name="system_wrapper_timing_summary_synth.pb"/>
  <File Type="VDS-HWDEF" Name="system_wrapper.hwdef"/>
  <FileSet Name="sources" Type="DesignSrcs" RelSrcDir="$PSRCDIR/sources_1">
    <Filter Type="Srcs"/>
    <File Path="$PSRCDIR/sources_1/bd/system/system.bd">
      <FileInfo>
        <Attr Name="Library" Val="xil_defaultlib"/>
        <Attr Name="ImportPath" Val="$PPRDIR/../lab1/lab1.srcs/sources_1/bd/system/system.bd"/>
        <Attr Name="ImportTime" Val="1391375772"/>
        <Attr Name="UsedIn" Val="synthesis"/>
        <Attr Name="UsedIn" Val="implementation"/>
        <Attr Name="UsedIn" Val="simulation"/>
      </FileInfo>
    </File>
    <File Path="$PSRCDIR/sources_1/bd/system/hdl/system_wrapper.vhd">
      <FileInfo>
        <Attr Name="Library" Val="xil_defaultlib"/>
        <Attr Name="ImportPath" Val="$PPRDIR/../lab1/lab1.srcs/sources_1/bd/system/hdl/system_wrapper.vhd"/>
        <Attr Name="ImportTime" Val="1391375471"/>
        <Attr Name="UsedIn" Val="synthesis"/>
        <Attr Name="UsedIn" Val="simulation"/>
      </FileInfo>
    </File>
    <File Path="$PDATADIR/sources_1/ports.xml">
      <FileInfo SFType="PortsDb">
        <Attr Name="Library" Val="xil_defaultlib"/>
      </FileInfo>
    </File>
    <File Path="$PSRCDIR/sources_1/bd/system/ip/system_axi_gpio_0_0/system_axi_gpio_0_0.upgrade_log">
      <FileInfo>
        <Attr Name="Library" Val="xil_defaultlib"/>
      </FileInfo>
    </File>
    <File Path="$PSRCDIR/sources_1/bd/system/ip/system_processing_system7_0_0/system_processing_system7_0_0.upgrade_log">
      <FileInfo>
        <Attr Name="Library" Val="xil_defaultlib"/>
      </FileInfo>
    </File>
    <File Path="$PSRCDIR/sources_1/bd/system/ip/system_axi_gpio_0_1/system_axi_gpio_0_1.upgrade_log">
      <FileInfo>
        <Attr Name="Library" Val="xil_defaultlib"/>
      </FileInfo>
    </File>
    <File Path="$PSRCDIR/sources_1/bd/system/ip/system_rst_processing_system7_0_100M_0/system_rst_processing_system7_0_100M_0.upgrade_log">
      <FileInfo>
        <Attr Name="Library" Val="xil_defaultlib"/>
      </FileInfo>
    </File>
    <File Path="$PSRCDIR/sources_1/bd/system/ip/system_processing_system7_0_axi_periph_0/system_processing_system7_0_axi_periph_0.upgrade_log">
      <FileInfo>
        <Attr Name="Library" Val="xil_defaultlib"/>
      </FileInfo>
    </File>
    <Config>
      <Option Name="DesignMode" Val="RTL"/>
      <Option Name="TopModule" Val="system_wrapper"/>
      <Option Name="TopAutoSet" Val="TRUE"/>
    </Config>
  </FileSet>
  <FileSet Name="constrs_in" Type="Constrs" RelSrcDir="$PSRCDIR/constrs_1">
    <Filter Type="Constrs"/>
    <File Path="$PSRCDIR/constrs_1/imports/lab2/lab2.xdc">
      <FileInfo>
        <Attr Name="Library" Val="xil_defaultlib"/>
        <Attr Name="ImportPath" Val="$PPRDIR/../../sources/lab2/lab2.xdc"/>
        <Attr Name="ImportTime" Val="1391437620"/>
        <Attr Name="UsedIn" Val="synthesis"/>
        <Attr Name="UsedIn" Val="implementation"/>
      </FileInfo>
    </File>
    <File Path="$PIOPLANDIR/constrs_1/designprops.xml">
      <FileInfo SFType="CompatPartsDb">
        <Attr Name="Library" Val="xil_defaultlib"/>
      </FileInfo>
    </File>
    <File Path="$PIOPLANDIR/constrs_1/usercols.xml">
      <FileInfo SFType="UserColsDb">
        <Attr Name="Library" Val="xil_defaultlib"/>
      </FileInfo>
    </File>
    <Config>
      <Option Name="TargetConstrsFile" Val="$PSRCDIR/constrs_1/imports/lab2/lab2.xdc"/>
      <Option Name="ConstrsType" Val="XDC"/>
    </Config>
  </FileSet>
  <Strategy Version="1" Minor="2">
    <StratHandle Name="Vivado Synthesis Defaults" Flow="Vivado Synthesis 2013"/>
    <Step Id="synth_design"/>
  </Strategy>
</GenRun>
